wl_position,days_before,distance_km,journey_month,day_of_week,festival,wl_type_score,class_demand,quota_demand,popularity,final_status
96,53,1537,11,2,1,0.35,0.72,0.92,98,RAC
170,17,165,12,3,0,0.35,0.8,0.92,66,WAITING
171,37,995,8,5,0,0.45,0.72,0.75,74,WAITING
56,22,463,1,2,0,0.75,0.72,0.75,51,RAC
180,18,230,4,6,1,0.35,0.72,0.95,93,WAITING
143,58,1315,11,1,1,0.75,0.65,0.75,79,WAITING
145,27,1291,9,5,0,1.0,0.72,0.92,83,WAITING
8,11,1198,12,1,0,0.45,0.85,0.92,94,CONFIRMED
17,17,717,8,3,0,0.45,0.72,0.95,78,RAC
43,53,681,7,3,0,1.0,0.8,0.95,76,CONFIRMED
148,55,1204,4,0,0,0.45,0.85,0.75,76,WAITING
37,2,444,1,4,0,0.45,0.85,0.92,94,WAITING
71,27,1519,6,0,0,0.35,0.65,0.75,65,RAC
54,49,946,6,1,0,0.35,0.78,0.75,66,CONFIRMED
50,19,533,7,2,0,0.75,0.78,0.95,65,WAITING
144,47,1292,5,6,0,0.75,0.85,0.75,91,WAITING
50,53,525,1,5,0,0.45,0.72,0.92,76,CONFIRMED
81,57,1345,11,0,1,0.35,0.72,0.95,100,RAC
54,9,1383,8,1,0,0.35,0.65,0.92,89,WAITING
147,17,471,5,1,1,0.45,0.72,0.92,87,WAITING
46,6,562,5,1,1,0.35,0.78,0.95,86,WAITING
162,8,1018,10,0,1,0.45,0.8,0.92,97,WAITING
9,48,1524,1,2,0,0.75,0.8,0.92,82,CONFIRMED
25,58,1209,6,1,0,1.0,0.72,0.92,82,CONFIRMED
106,49,1557,4,1,1,0.45,0.72,0.75,79,WAITING
161,0,640,11,2,0,0.45,0.8,0.75,62,WAITING
93,18,1415,11,6,0,0.45,0.72,0.92,89,WAITING
10,17,1582,10,3,0,0.45,0.85,0.95,93,CONFIRMED
126,40,1529,4,1,0,0.45,0.85,0.92,98,WAITING
174,49,334,5,4,1,0.35,0.65,0.92,100,WAITING
74,52,1629,10,6,1,0.75,0.8,0.95,100,RAC
116,55,1284,4,4,0,1.0,0.8,0.95,82,RAC
163,55,728,6,6,0,0.75,0.85,0.95,81,WAITING
66,27,504,3,2,0,1.0,0.8,0.75,52,RAC
6,59,1456,12,2,0,0.75,0.85,0.92,92,CONFIRMED
157,2,594,3,3,0,0.35,0.72,0.95,77,WAITING
26,22,825,6,2,0,0.45,0.78,0.75,51,CONFIRMED
89,12,1135,6,4,0,0.75,0.85,0.92,100,WAITING
10,32,931,4,3,0,0.35,0.65,0.92,81,CONFIRMED
141,32,1697,2,6,0,0.45,0.65,0.92,98,WAITING
28,0,1536,4,1,0,0.35,0.78,0.95,80,WAITING
45,1,475,1,6,0,0.45,0.85,0.95,96,WAITING
148,10,778,3,2,0,0.35,0.78,0.95,62,WAITING
176,46,1199,12,6,0,0.75,0.72,0.75,71,WAITING
30,24,1049,1,5,0,1.0,0.8,0.95,89,CONFIRMED
70,3,878,5,5,1,0.75,0.72,0.75,77,WAITING
178,20,518,11,0,1,1.0,0.72,0.95,86,WAITING
169,54,630,11,5,0,1.0,0.78,0.92,76,WAITING
27,8,157,5,2,0,0.75,0.8,0.92,65,WAITING
55,10,185,5,6,1,1.0,0.72,0.95,90,WAITING
80,54,1285,4,0,0,0.45,0.8,0.75,69,CONFIRMED
75,42,575,8,4,0,1.0,0.8,0.75,65,CONFIRMED
112,0,797,6,2,0,0.35,0.65,0.95,77,WAITING
154,59,170,3,6,0,0.35,0.78,0.92,73,WAITING
121,6,523,11,5,1,0.45,0.78,0.92,90,WAITING
178,52,1265,10,3,1,0.45,0.72,0.75,91,WAITING
173,55,1234,2,0,0,1.0,0.65,0.92,80,WAITING
121,56,795,11,1,1,1.0,0.72,0.92,80,RAC
14,50,298,6,2,0,0.45,0.8,0.92,70,CONFIRMED
145,43,1348,11,1,0,1.0,0.72,0.95,75,WAITING
126,1,1592,5,2,0,1.0,0.65,0.95,77,WAITING
90,59,1674,8,1,0,0.35,0.78,0.95,79,CONFIRMED
71,42,317,4,6,0,0.75,0.65,0.92,85,CONFIRMED
81,11,691,2,3,0,1.0,0.78,0.75,54,WAITING
75,56,1681,2,2,0,0.75,0.78,0.92,83,CONFIRMED
93,18,816,2,4,0,0.75,0.72,0.75,70,WAITING
151,46,1404,4,2,0,0.75,0.78,0.92,84,WAITING
129,7,1664,10,0,1,0.75,0.8,0.75,93,WAITING
111,37,278,7,2,0,0.35,0.72,0.92,65,WAITING
170,15,1514,1,0,0,0.45,0.78,0.75,67,WAITING
3,6,1155,4,3,0,0.45,0.65,0.92,88,RAC
4,27,531,3,4,0,0.45,0.72,0.75,70,CONFIRMED
128,36,647,4,3,0,0.35,0.78,0.92,65,WAITING
119,47,547,6,4,0,1.0,0.85,0.75,65,RAC
16,15,1205,1,6,0,0.75,0.65,0.95,83,RAC
67,38,516,2,2,0,0.35,0.72,0.95,78,RAC
67,40,1500,12,0,0,1.0,0.78,0.75,65,CONFIRMED
178,44,373,3,6,0,0.45,0.72,0.75,68,WAITING
132,2,1014,1,2,0,0.75,0.8,0.95,80,WAITING
42,49,1487,12,2,0,0.45,0.65,0.92,86,CONFIRMED
79,44,1677,6,4,0,0.75,0.85,0.92,97,RAC
80,1,953,2,0,0,0.45,0.85,0.75,84,WAITING
69,50,701,7,3,0,0.75,0.8,0.95,76,CONFIRMED
164,20,1291,6,4,0,0.75,0.78,0.95,87,WAITING
75,56,982,12,4,0,1.0,0.85,0.92,94,CONFIRMED
103,20,1348,3,5,0,1.0,0.85,0.92,96,WAITING
161,58,482,3,1,0,1.0,0.65,0.95,62,WAITING
13,4,1560,5,0,0,0.35,0.78,0.75,64,RAC
125,32,1510,11,3,1,0.45,0.85,0.92,100,WAITING
41,49,919,2,3,0,0.35,0.78,0.95,86,CONFIRMED
113,28,738,6,1,0,1.0,0.65,0.95,77,WAITING
112,23,1480,3,1,0,1.0,0.85,0.95,94,WAITING
2,56,1676,3,5,0,1.0,0.72,0.95,95,CONFIRMED
89,3,271,7,6,0,0.35,0.72,0.92,77,WAITING
59,53,728,6,2,0,0.35,0.8,0.95,70,CONFIRMED
129,31,838,2,1,0,0.75,0.65,0.95,64,WAITING
70,29,1135,7,5,0,0.35,0.65,0.92,89,WAITING
13,17,1104,6,1,0,0.75,0.78,0.75,71,CONFIRMED
172,36,754,2,0,0,0.75,0.72,0.95,62,WAITING
104,28,1477,3,4,0,0.75,0.8,0.75,74,WAITING
117,39,195,7,2,0,0.45,0.78,0.92,72,WAITING
58,58,726,6,6,0,1.0,0.8,0.95,79,CONFIRMED
160,1,745,2,3,0,1.0,0.65,0.92,76,WAITING
53,3,1599,12,3,0,0.35,0.8,0.92,82,WAITING
63,1,825,4,3,1,1.0,0.78,0.95,94,WAITING
173,5,725,7,0,0,1.0,0.65,0.92,66,WAITING
77,56,1248,2,1,0,1.0,0.72,0.75,68,CONFIRMED
76,59,346,10,5,1,1.0,0.65,0.95,100,CONFIRMED
133,38,720,9,0,0,0.45,0.78,0.92,62,WAITING
138,5,392,10,2,1,1.0,0.78,0.75,69,WAITING
77,33,718,12,6,0,1.0,0.8,0.92,76,RAC
104,4,856,3,4,0,0.35,0.85,0.75,65,WAITING
20,18,1278,9,4,0,1.0,0.8,0.92,98,RAC
27,57,821,5,6,0,0.35,0.8,0.75,58,CONFIRMED
40,58,643,5,5,1,1.0,0.85,0.95,100,CONFIRMED
102,18,1612,3,4,0,0.45,0.72,0.95,95,WAITING
5,18,544,5,6,1,1.0,0.78,0.92,93,CONFIRMED
40,4,1163,12,2,0,0.45,0.72,0.92,90,WAITING
80,17,1406,5,2,1,0.75,0.78,0.92,100,WAITING
50,11,1118,10,6,0,0.35,0.85,0.75,83,WAITING
15,11,709,4,4,0,0.45,0.8,0.95,81,CONFIRMED
125,2,570,12,2,0,1.0,0.78,0.95,63,WAITING
132,3,695,2,6,0,1.0,0.65,0.92,73,WAITING
140,53,945,5,4,0,0.45,0.8,0.95,89,WAITING
57,29,677,3,3,0,1.0,0.72,0.92,78,CONFIRMED
137,29,309,11,2,0,1.0,0.8,0.95,68,WAITING
158,41,1202,11,5,1,0.45,0.65,0.75,90,WAITING
32,39,203,12,3,0,0.75,0.78,0.92,74,CONFIRMED
81,0,1142,8,3,0,0.75,0.85,0.92,93,WAITING
156,40,835,2,6,0,0.75,0.8,0.75,63,WAITING
8,32,646,1,0,0,0.75,0.65,0.75,56,CONFIRMED
163,60,1368,4,6,1,1.0,0.65,0.92,100,WAITING
128,22,341,2,2,0,0.35,0.72,0.75,56,WAITING
29,19,229,9,3,0,1.0,0.8,0.95,75,CONFIRMED
91,56,1087,6,6,0,0.75,0.8,0.92,87,CONFIRMED
88,43,996,8,3,0,0.35,0.78,0.95,88,WAITING
106,36,957,4,6,0,0.45,0.78,0.75,82,WAITING
53,1,652,10,6,0,0.45,0.65,0.95,83,WAITING
154,9,925,9,2,0,0.35,0.78,0.92,85,WAITING
43,42,835,7,2,0,1.0,0.78,0.75,62,CONFIRMED
133,27,321,8,6,0,1.0,0.85,0.75,79,WAITING
92,43,1075,10,6,0,0.45,0.8,0.75,80,WAITING
7,37,1142,2,1,0,1.0,0.8,0.95,90,CONFIRMED
75,56,369,12,5,0,1.0,0.65,0.95,83,CONFIRMED
141,5,200,12,1,0,0.45,0.72,0.75,63,WAITING
19,50,1256,2,1,0,0.35,0.65,0.92,80,CONFIRMED
130,34,1485,1,1,0,0.75,0.85,0.75,69,WAITING
180,11,1538,5,1,1,1.0,0.78,0.95,100,WAITING
98,28,889,12,6,0,0.75,0.8,0.92,83,WAITING
49,20,1380,3,3,0,0.45,0.85,0.92,97,RAC
1,19,360,11,3,0,0.35,0.85,0.92,85,CONFIRMED
17,42,1577,7,2,0,1.0,0.72,0.92,76,CONFIRMED
120,33,1248,4,2,1,0.45,0.78,0.75,83,WAITING
52,45,826,11,5,0,0.35,0.78,0.95,80,CONFIRMED
59,42,1519,8,5,0,1.0,0.85,0.75,82,CONFIRMED
48,56,730,11,5,1,1.0,0.65,0.95,90,CONFIRMED
77,53,966,8,2,0,1.0,0.78,0.95,87,CONFIRMED
137,17,650,8,3,0,0.45,0.85,0.92,79,WAITING
16,0,1335,2,3,0,0.35,0.85,0.75,74,WAITING
8,24,1358,6,2,0,0.35,0.65,0.92,86,CONFIRMED
114,7,827,6,1,0,1.0,0.85,0.75,72,WAITING
14,25,1168,6,2,0,0.35,0.85,0.95,87,CONFIRMED
93,26,1251,2,0,0,0.75,0.72,0.95,88,WAITING
58,17,367,12,3,0,0.75,0.78,0.95,71,WAITING
94,43,768,3,5,0,0.35,0.78,0.75,68,RAC
41,5,1436,6,1,0,0.75,0.72,0.95,77,WAITING
122,35,565,5,0,0,0.45,0.65,0.75,58,WAITING
44,31,1156,11,0,0,0.75,0.8,0.92,74,CONFIRMED
42,1,1393,3,3,0,0.45,0.8,0.92,74,WAITING
29,46,238,4,1,0,0.75,0.65,0.92,76,CONFIRMED
91,13,1073,3,3,0,0.35,0.72,0.92,75,WAITING
43,25,1504,5,2,1,1.0,0.72,0.95,100,RAC
147,6,210,12,4,0,0.35,0.85,0.95,84,WAITING
156,4,1553,8,6,0,1.0,0.8,0.92,98,WAITING
2,27,1394,10,6,0,0.35,0.85,0.75,80,CONFIRMED
168,34,466,8,6,0,0.35,0.8,0.75,62,WAITING
82,5,1381,4,0,0,1.0,0.78,0.75,61,WAITING
21,14,948,8,5,0,0.75,0.72,0.75,81,RAC
17,54,1565,7,6,0,0.45,0.72,0.95,86,CONFIRMED
63,16,905,6,6,0,1.0,0.85,0.75,93,WAITING
161,5,929,9,5,0,0.75,0.65,0.75,69,WAITING
74,31,256,2,3,0,0.35,0.72,0.95,72,RAC
82,18,657,9,0,0,1.0,0.8,0.75,56,WAITING
115,35,1149,4,4,0,0.75,0.65,0.92,84,WAITING
45,39,1162,5,0,1,1.0,0.85,0.75,94,CONFIRMED
81,1,1533,10,4,1,0.45,0.8,0.75,88,WAITING
114,35,1082,12,2,0,0.35,0.65,0.75,73,WAITING
107,18,362,5,2,1,0.45,0.65,0.95,96,WAITING
115,5,440,5,2,1,0.45,0.8,0.92,85,WAITING
163,36,1650,3,6,0,0.45,0.78,0.92,96,WAITING
59,41,1636,8,6,0,0.45,0.85,0.75,84,CONFIRMED
81,34,796,9,3,0,1.0,0.65,0.95,70,RAC
118,30,1193,10,3,1,1.0,0.72,0.95,100,WAITING
118,33,1442,6,3,0,0.45,0.65,0.92,88,WAITING
130,40,1171,12,3,0,0.75,0.78,0.92,79,WAITING
168,47,157,3,0,0,0.45,0.65,0.75,63,WAITING
113,24,926,7,6,0,1.0,0.78,0.95,93,WAITING
54,9,1401,6,2,0,0.35,0.72,0.95,74,WAITING
128,31,1681,10,4,0,1.0,0.65,0.95,84,WAITING
68,12,412,10,4,1,0.35,0.85,0.95,100,WAITING
30,21,1653,3,5,0,1.0,0.85,0.95,99,RAC
127,33,438,9,4,0,1.0,0.8,0.92,71,WAITING
2,12,730,7,2,0,0.75,0.65,0.92,78,CONFIRMED
124,24,1069,4,0,1,0.45,0.85,0.92,100,WAITING
54,4,1104,8,1,0,0.75,0.8,0.92,83,WAITING
105,6,1310,12,4,0,1.0,0.8,0.75,75,WAITING
104,23,454,6,6,0,0.45,0.85,0.75,76,WAITING
92,60,206,12,2,0,0.35,0.8,0.75,59,CONFIRMED
41,17,662,1,1,0,0.75,0.65,0.75,52,RAC
170,21,297,12,0,0,0.75,0.8,0.95,71,WAITING
40,24,577,11,5,1,0.75,0.65,0.92,100,RAC
105,45,601,5,0,1,0.75,0.65,0.95,83,WAITING
26,43,1113,6,2,0,0.75,0.78,0.75,72,CONFIRMED
149,13,662,7,1,0,0.75,0.8,0.95,73,WAITING
97,23,1130,12,5,0,1.0,0.8,0.92,90,WAITING
104,29,1091,5,1,1,0.45,0.8,0.92,93,WAITING
144,56,1569,2,3,0,0.75,0.72,0.92,86,WAITING
53,27,735,2,0,0,0.45,0.85,0.75,63,RAC
105,44,1083,7,1,0,1.0,0.65,0.95,80,WAITING
28,37,464,1,1,0,0.35,0.65,0.95,74,CONFIRMED
18,15,167,4,2,0,0.75,0.65,0.95,65,CONFIRMED
132,3,1561,5,4,1,0.35,0.85,0.75,100,WAITING
165,32,1168,11,1,0,0.75,0.78,0.95,88,WAITING
134,15,1469,10,3,0,1.0,0.8,0.95,80,WAITING
92,41,1681,2,5,0,0.45,0.78,0.95,82,RAC
72,28,1323,1,2,0,0.75,0.72,0.75,63,RAC
13,46,1386,10,3,0,0.45,0.65,0.95,89,CONFIRMED
28,57,1041,12,4,0,0.45,0.65,0.75,77,CONFIRMED
148,1,1367,8,1,0,0.35,0.8,0.95,82,WAITING
170,50,550,7,3,0,1.0,0.78,0.95,75,WAITING
44,2,1252,10,0,0,0.35,0.72,0.92,83,WAITING
91,13,251,3,5,0,0.75,0.78,0.75,61,WAITING
97,23,1670,10,5,0,1.0,0.78,0.95,97,WAITING
136,43,1000,12,6,0,1.0,0.65,0.92,92,WAITING
12,44,899,2,0,0,1.0,0.85,0.95,88,CONFIRMED
93,16,702,11,2,0,1.0,0.72,0.95,64,WAITING
28,27,1041,12,6,0,0.45,0.8,0.95,86,CONFIRMED
138,29,999,11,6,1,1.0,0.8,0.92,100,WAITING
92,13,1601,8,4,0,0.35,0.72,0.92,97,WAITING
113,32,896,9,0,0,0.45,0.65,0.95,72,WAITING
3,51,441,10,5,1,0.35,0.65,0.92,97,CONFIRMED
42,24,824,1,3,0,0.45,0.65,0.75,51,CONFIRMED
28,29,1242,10,1,1,0.75,0.72,0.75,90,CONFIRMED
175,34,1418,12,3,0,0.75,0.65,0.92,88,WAITING
99,58,463,8,4,0,0.45,0.78,0.75,62,CONFIRMED
6,11,628,12,3,0,0.45,0.65,0.75,58,RAC
69,11,1037,8,1,0,0.35,0.8,0.95,90,WAITING
65,58,1162,10,0,1,0.75,0.85,0.95,100,CONFIRMED
30,17,1040,6,6,0,0.35,0.78,0.75,73,CONFIRMED
150,46,1200,10,1,0,0.45,0.8,0.75,66,WAITING
49,52,1521,5,2,0,0.35,0.78,0.75,72,CONFIRMED
49,45,982,1,2,0,0.75,0.65,0.92,89,CONFIRMED
32,1,421,5,1,1,0.45,0.85,0.75,84,WAITING
29,29,1338,3,4,0,1.0,0.8,0.95,92,CONFIRMED
134,24,224,4,3,0,0.75,0.72,0.75,62,WAITING
43,29,1212,3,5,0,1.0,0.8,0.95,95,CONFIRMED
9,10,543,8,1,0,0.75,0.8,0.95,78,RAC
114,8,1242,6,6,0,0.45,0.65,0.95,88,WAITING
15,33,836,4,6,1,0.35,0.72,0.92,92,CONFIRMED
112,35,464,9,6,0,1.0,0.78,0.95,73,WAITING
15,22,319,7,3,0,0.35,0.8,0.95,66,CONFIRMED
23,11,1417,1,4,0,0.75,0.78,0.92,85,RAC
45,10,1655,12,0,0,0.45,0.78,0.92,74,WAITING
144,34,1511,2,6,0,1.0,0.72,0.92,85,WAITING
72,24,1652,12,5,0,1.0,0.78,0.95,91,WAITING
158,16,1357,7,2,0,0.75,0.65,0.92,84,WAITING
114,48,330,7,4,0,1.0,0.78,0.95,79,RAC
13,58,1465,7,5,0,1.0,0.8,0.95,83,CONFIRMED
7,30,778,8,4,0,0.35,0.8,0.95,86,CONFIRMED
40,7,1460,4,5,0,1.0,0.72,0.95,90,WAITING
36,29,429,2,1,0,0.35,0.85,0.75,72,CONFIRMED
140,10,179,1,4,0,1.0,0.85,0.95,80,WAITING
109,41,427,12,2,0,0.45,0.85,0.95,84,WAITING
171,40,281,2,0,0,1.0,0.8,0.92,67,WAITING
94,21,1210,8,4,0,0.75,0.78,0.95,82,WAITING
179,2,1499,3,0,0,0.45,0.8,0.95,78,WAITING
71,10,1275,12,1,0,0.35,0.85,0.92,95,WAITING
95,32,1017,11,3,0,0.75,0.78,0.75,66,WAITING
145,53,354,7,0,0,0.35,0.65,0.92,64,WAITING
94,55,193,2,0,0,0.35,0.85,0.75,73,CONFIRMED
154,45,892,6,0,0,0.75,0.8,0.75,55,WAITING
151,47,719,1,3,0,1.0,0.8,0.92,65,WAITING
173,54,257,11,6,1,0.35,0.65,0.95,92,WAITING
60,53,1034,5,6,1,0.35,0.8,0.95,100,CONFIRMED
17,1,238,12,1,0,1.0,0.72,0.92,74,WAITING
29,33,1659,12,3,0,0.45,0.8,0.95,81,CONFIRMED
91,0,719,3,5,0,1.0,0.85,0.92,87,WAITING
97,26,1440,7,5,0,0.45,0.8,0.92,96,WAITING
123,6,1392,4,6,1,0.35,0.72,0.75,86,WAITING
88,58,347,9,3,0,0.45,0.85,0.95,84,CONFIRMED
2,35,892,4,5,1,0.35,0.72,0.92,100,CONFIRMED
29,46,769,2,5,0,0.75,0.78,0.92,83,CONFIRMED
40,56,1073,9,0,0,1.0,0.8,0.92,84,CONFIRMED
88,27,1007,3,3,0,0.35,0.78,0.92,75,WAITING
65,4,1328,3,1,0,1.0,0.85,0.92,87,WAITING
134,56,964,7,5,0,0.45,0.78,0.75,72,WAITING
11,29,377,12,6,0,1.0,0.65,0.92,85,CONFIRMED
12,7,1425,8,5,0,1.0,0.78,0.92,92,RAC
52,31,1597,7,2,0,0.35,0.85,0.75,69,RAC
95,23,761,3,1,0,1.0,0.8,0.95,63,WAITING
139,12,333,7,2,0,0.75,0.85,0.95,83,WAITING
42,22,507,1,3,0,0.35,0.72,0.92,72,RAC
112,8,600,9,6,0,1.0,0.65,0.95,76,WAITING
88,12,825,6,5,0,0.45,0.65,0.75,64,WAITING
13,8,395,4,1,1,1.0,0.65,0.92,80,RAC
14,25,1303,3,3,0,0.75,0.85,0.75,82,CONFIRMED
63,45,1324,4,2,0,0.45,0.72,0.92,79,CONFIRMED
45,37,1362,5,5,1,0.75,0.78,0.75,96,CONFIRMED
137,34,436,5,6,0,1.0,0.78,0.75,56,WAITING
142,35,1413,2,1,0,0.45,0.72,0.92,74,WAITING
78,49,1201,8,6,0,0.35,0.72,0.75,72,CONFIRMED
175,54,1545,10,0,1,1.0,0.65,0.75,82,WAITING
177,60,1039,6,0,0,0.45,0.65,0.95,76,WAITING
126,58,1612,11,3,0,0.45,0.72,0.92,79,RAC
47,45,201,10,4,0,0.35,0.8,0.92,70,CONFIRMED
111,49,580,6,1,0,0.35,0.72,0.92,77,RAC
148,53,1335,9,0,0,0.45,0.78,0.95,84,WAITING
146,12,1152,2,4,0,0.45,0.85,0.75,91,WAITING
49,47,998,5,3,0,0.35,0.65,0.95,81,CONFIRMED
38,25,598,8,4,0,1.0,0.65,0.75,68,RAC
123,5,1216,10,1,0,0.45,0.8,0.92,88,WAITING
160,27,586,1,3,0,0.75,0.8,0.95,78,WAITING
114,26,1463,3,4,0,0.45,0.72,0.95,90,WAITING
153,42,1103,7,2,0,0.35,0.8,0.75,68,WAITING
17,10,237,6,4,0,1.0,0.78,0.95,82,RAC
80,48,731,7,6,0,0.45,0.78,0.92,84,CONFIRMED
70,17,336,1,0,0,0.75,0.8,0.95,77,WAITING
4,19,344,11,6,1,0.75,0.72,0.75,74,CONFIRMED
110,33,520,8,6,0,0.45,0.85,0.75,69,WAITING
60,50,1207,12,3,0,1.0,0.85,0.75,83,CONFIRMED
171,22,410,2,6,0,0.35,0.8,0.95,81,WAITING
18,28,1670,7,4,0,0.75,0.8,0.75,68,CONFIRMED
96,38,851,8,5,0,0.35,0.65,0.95,76,WAITING
118,47,1523,11,1,1,1.0,0.65,0.92,96,WAITING
165,59,715,2,4,0,0.35,0.8,0.92,79,WAITING
85,1,180,12,0,0,0.45,0.8,0.92,65,WAITING
74,31,411,9,3,0,0.45,0.78,0.95,62,WAITING
126,49,1332,2,5,0,1.0,0.85,0.92,100,WAITING
93,2,1398,5,2,0,0.75,0.78,0.95,89,WAITING
106,38,244,12,6,0,0.75,0.78,0.75,70,WAITING
3,26,1560,5,6,1,1.0,0.72,0.75,88,CONFIRMED
98,29,734,10,3,0,1.0,0.8,0.75,49,WAITING
57,1,1178,11,5,1,1.0,0.65,0.92,100,WAITING
159,40,567,7,6,0,0.75,0.85,0.95,80,WAITING
50,25,742,1,5,0,1.0,0.72,0.75,62,RAC
135,60,1507,12,1,0,0.35,0.78,0.75,65,RAC
2,43,1279,11,6,0,0.45,0.78,0.95,96,CONFIRMED
72,22,1106,3,0,0,0.75,0.8,0.95,87,WAITING
129,6,1329,8,1,0,1.0,0.65,0.75,63,WAITING
63,29,1061,7,1,0,0.35,0.85,0.92,98,WAITING
16,1,1065,6,0,0,0.35,0.8,0.95,83,RAC
71,14,969,4,3,1,0.45,0.65,0.92,100,WAITING
47,48,699,5,0,1,0.35,0.85,0.92,100,CONFIRMED
83,18,353,12,6,0,1.0,0.85,0.95,83,WAITING
13,19,1473,10,3,1,0.45,0.78,0.95,100,RAC
56,41,687,7,5,0,0.75,0.65,0.92,75,CONFIRMED
172,45,463,3,6,0,0.45,0.8,0.92,74,WAITING
94,46,873,11,1,1,0.35,0.8,0.92,92,WAITING
92,36,1330,3,4,0,0.35,0.72,0.75,75,WAITING
128,16,709,4,3,1,0.35,0.8,0.75,66,WAITING
100,53,848,11,6,0,0.45,0.65,0.75,60,RAC
50,4,971,9,3,0,0.35,0.78,0.92,86,WAITING
168,13,1615,4,0,1,1.0,0.65,0.92,96,WAITING
151,2,649,1,2,0,0.75,0.65,0.75,51,WAITING
102,37,1010,12,1,0,0.75,0.72,0.92,85,WAITING
72,55,267,5,4,0,1.0,0.78,0.75,62,CONFIRMED
126,54,747,11,4,0,0.45,0.8,0.92,79,WAITING
5,35,609,4,4,0,0.45,0.85,0.92,95,CONFIRMED
35,29,1039,5,5,1,1.0,0.72,0.95,100,CONFIRMED
111,30,533,8,2,0,0.75,0.78,0.95,76,WAITING
40,43,243,2,0,0,1.0,0.85,0.95,80,CONFIRMED
24,8,896,9,4,0,0.75,0.8,0.95,70,RAC
101,36,684,10,6,1,0.35,0.72,0.92,90,WAITING
66,51,1391,3,4,0,0.35,0.78,0.75,81,CONFIRMED
77,57,1085,6,0,0,1.0,0.85,0.92,89,CONFIRMED
14,7,1067,9,5,0,0.45,0.78,0.75,68,RAC
43,21,1501,10,0,0,0.45,0.65,0.75,73,RAC
179,32,451,11,6,1,1.0,0.72,0.92,92,WAITING
34,20,695,10,1,0,0.45,0.65,0.75,56,CONFIRMED
154,31,1634,8,1,0,1.0,0.8,0.95,77,WAITING
116,28,998,11,4,0,1.0,0.78,0.75,75,WAITING
91,28,1215,12,2,0,0.45,0.65,0.95,74,WAITING
93,14,1256,4,3,1,0.35,0.8,0.75,86,WAITING
178,51,477,4,0,1,0.35,0.85,0.92,100,WAITING
96,11,1208,7,2,0,0.75,0.72,0.75,61,WAITING
160,23,1573,1,4,0,0.75,0.65,0.92,87,WAITING
86,45,1464,5,5,0,0.35,0.78,0.75,80,RAC
4,50,301,7,6,0,0.35,0.85,0.75,72,CONFIRMED
123,40,1436,8,6,0,0.35,0.85,0.92,92,WAITING
172,55,1599,1,3,0,0.35,0.8,0.75,59,WAITING
58,44,444,9,1,0,1.0,0.85,0.95,76,CONFIRMED
76,18,1046,11,5,1,1.0,0.65,0.92,100,WAITING
176,2,663,3,1,0,0.45,0.85,0.75,70,WAITING
118,59,1457,9,2,0,1.0,0.8,0.75,64,RAC
44,35,1688,8,0,0,0.45,0.65,0.92,86,CONFIRMED
16,40,820,11,5,0,0.35,0.8,0.75,62,CONFIRMED
152,44,274,6,0,0,0.35,0.78,0.95,68,WAITING
62,30,746,2,3,0,0.45,0.78,0.75,57,CONFIRMED
152,15,192,12,0,0,1.0,0.65,0.75,53,WAITING
83,41,1599,11,6,0,0.45,0.78,0.75,81,RAC
110,21,1698,10,3,1,0.45,0.65,0.92,96,WAITING
78,7,1178,8,3,0,1.0,0.78,0.92,80,WAITING
137,57,1184,12,3,0,1.0,0.8,0.75,70,RAC
126,31,467,11,3,0,1.0,0.72,0.75,57,WAITING
124,36,477,5,4,0,0.35,0.72,0.95,85,WAITING
77,20,634,1,2,0,0.45,0.65,0.92,74,WAITING
46,25,520,2,2,0,0.75,0.8,0.92,68,RAC
110,12,1127,11,5,0,0.75,0.72,0.92,97,WAITING
134,40,617,12,3,0,0.35,0.72,0.95,70,WAITING
61,33,886,3,3,0,1.0,0.85,0.75,73,CONFIRMED
23,52,1019,6,0,0,0.75,0.72,0.95,89,CONFIRMED
159,50,1293,6,1,0,0.75,0.72,0.95,83,WAITING
70,58,166,5,2,0,0.75,0.65,0.92,73,CONFIRMED
29,40,1343,2,4,0,0.45,0.65,0.75,77,CONFIRMED
97,40,1627,10,0,1,1.0,0.78,0.92,100,WAITING
64,46,1242,12,3,0,0.75,0.65,0.75,59,CONFIRMED
77,25,1608,12,5,0,0.45,0.65,0.95,98,WAITING
96,0,945,3,2,0,0.45,0.72,0.95,86,WAITING
148,11,722,10,3,0,0.45,0.85,0.92,85,WAITING
65,58,648,1,2,0,1.0,0.65,0.75,58,CONFIRMED
153,56,615,12,4,0,1.0,0.65,0.75,67,WAITING
60,41,1080,7,0,0,0.45,0.65,0.95,83,CONFIRMED
136,19,277,4,4,0,0.45,0.85,0.75,71,WAITING
95,45,1291,8,4,0,0.75,0.72,0.75,72,RAC
20,55,262,2,0,0,1.0,0.65,0.95,67,CONFIRMED
87,24,892,1,0,0,0.35,0.65,0.92,71,WAITING
33,44,833,5,0,0,0.75,0.65,0.95,71,CONFIRMED
101,29,645,12,3,0,1.0,0.78,0.75,47,WAITING
93,60,1309,4,6,0,1.0,0.8,0.75,81,CONFIRMED
9,28,1108,4,2,0,0.75,0.65,0.92,80,CONFIRMED
157,41,345,1,5,0,0.45,0.72,0.75,55,WAITING
11,47,330,5,1,0,0.75,0.8,0.92,67,CONFIRMED
88,50,1579,4,6,1,0.45,0.72,0.92,100,RAC
49,15,434,7,6,0,0.75,0.72,0.75,60,RAC
48,19,1286,7,0,0,0.75,0.65,0.92,88,RAC
60,27,1167,3,6,0,0.45,0.65,0.92,82,RAC
146,12,1433,12,1,0,0.45,0.8,0.95,89,WAITING
164,1,226,1,4,0,0.75,0.78,0.75,57,WAITING
39,27,1281,11,4,1,0.45,0.65,0.75,93,RAC
104,11,628,9,3,0,0.75,0.85,0.92,79,WAITING
83,50,267,12,6,0,1.0,0.78,0.95,80,CONFIRMED
1,44,1627,4,6,0,0.35,0.8,0.75,79,CONFIRMED
87,56,695,4,6,1,1.0,0.85,0.95,100,CONFIRMED
167,58,935,10,1,0,1.0,0.8,0.95,88,WAITING
87,53,466,8,2,0,1.0,0.78,0.92,74,CONFIRMED
133,5,827,6,5,0,0.75,0.72,0.75,61,WAITING
67,4,1274,8,0,0,1.0,0.85,0.75,76,WAITING
59,38,565,1,1,0,0.45,0.8,0.95,73,CONFIRMED
115,13,1573,11,4,1,1.0,0.8,0.95,100,WAITING
44,17,303,11,1,1,0.75,0.78,0.92,89,WAITING
152,40,555,11,2,0,0.45,0.65,0.92,74,WAITING
42,1,188,9,6,0,0.75,0.78,0.75,57,WAITING
44,35,504,3,2,0,0.45,0.78,0.92,68,CONFIRMED
139,3,1383,7,3,0,0.75,0.65,0.92,87,WAITING
69,35,240,9,1,0,0.35,0.65,0.75,57,RAC
41,9,1163,7,6,0,0.45,0.65,0.92,90,WAITING
68,56,648,5,3,1,0.45,0.65,0.95,95,CONFIRMED
102,31,1585,11,5,1,1.0,0.65,0.95,100,WAITING
74,31,1358,11,4,1,0.35,0.85,0.75,100,WAITING
51,45,1264,4,2,0,0.75,0.78,0.95,75,CONFIRMED
93,49,1036,8,6,0,0.35,0.65,0.95,83,RAC
172,26,1461,8,2,0,1.0,0.72,0.95,75,WAITING
114,10,444,6,6,0,0.45,0.65,0.92,76,WAITING
22,20,190,7,1,0,0.45,0.8,0.95,71,CONFIRMED
139,11,1695,5,1,1,0.45,0.72,0.95,96,WAITING
138,13,723,8,6,0,1.0,0.78,0.95,80,WAITING
164,51,790,12,4,0,0.35,0.72,0.95,70,WAITING
119,55,1587,6,5,0,0.75,0.72,0.92,88,RAC
138,39,1533,2,3,0,1.0,0.78,0.92,81,WAITING
10,30,689,6,4,0,0.75,0.72,0.95,80,CONFIRMED
4,48,1692,4,3,0,0.35,0.85,0.95,93,CONFIRMED
179,43,1523,6,0,0,0.45,0.72,0.75,62,WAITING
63,59,560,12,5,0,1.0,0.85,0.95,82,CONFIRMED
161,40,525,2,1,0,0.75,0.65,0.75,61,WAITING
133,29,1235,2,2,0,0.75,0.85,0.75,80,WAITING
171,29,745,9,0,0,1.0,0.65,0.95,62,WAITING
33,47,1700,10,0,1,0.35,0.72,0.92,99,CONFIRMED
23,10,1595,12,2,0,0.45,0.85,0.75,81,RAC
160,38,1252,6,3,0,0.75,0.85,0.95,93,WAITING
139,44,680,6,1,0,0.75,0.72,0.92,63,WAITING
8,46,1122,2,0,0,0.35,0.8,0.75,62,CONFIRMED
2,32,1258,5,3,0,0.35,0.72,0.92,81,CONFIRMED
174,45,1365,3,2,0,0.45,0.8,0.75,59,WAITING
126,2,642,9,4,0,1.0,0.72,0.75,61,WAITING
36,40,852,12,2,0,0.35,0.65,0.75,58,CONFIRMED
53,7,286,11,0,0,0.35,0.85,0.95,76,WAITING
134,57,693,6,2,0,0.75,0.65,0.75,54,WAITING
119,16,1099,10,4,1,0.75,0.72,0.92,100,WAITING
48,39,1660,2,0,0,1.0,0.8,0.75,67,CONFIRMED
94,2,864,10,3,0,1.0,0.8,0.92,71,WAITING
22,43,282,11,2,1,0.45,0.78,0.95,91,CONFIRMED
33,34,477,1,0,0,0.75,0.72,0.95,73,CONFIRMED
33,9,1640,9,4,0,0.35,0.72,0.92,94,WAITING
10,22,976,8,6,0,0.45,0.85,0.75,85,CONFIRMED
153,26,751,2,6,0,0.75,0.8,0.92,80,WAITING
39,8,225,2,3,0,1.0,0.72,0.75,58,RAC
45,10,1561,9,4,0,0.45,0.78,0.95,88,WAITING
10,2,174,3,4,0,0.45,0.85,0.92,93,WAITING
14,0,810,11,5,0,1.0,0.65,0.92,78,RAC
107,41,871,3,2,0,0.35,0.65,0.75,63,WAITING
163,12,1662,10,4,0,0.75,0.72,0.75,76,WAITING
15,54,322,3,5,0,1.0,0.78,0.75,71,CONFIRMED
129,46,564,10,5,1,0.35,0.8,0.92,100,WAITING
101,42,943,2,3,0,0.35,0.65,0.75,67,WAITING
98,47,1365,6,4,0,0.75,0.85,0.95,100,RAC
101,59,459,5,0,1,0.75,0.65,0.92,90,CONFIRMED
107,7,881,2,5,0,0.75,0.78,0.95,78,WAITING
124,22,1167,5,0,1,1.0,0.72,0.92,100,WAITING
55,42,1504,1,6,0,1.0,0.65,0.75,68,CONFIRMED
153,55,552,9,6,0,0.45,0.65,0.75,62,WAITING
104,6,1004,6,6,0,1.0,0.85,0.92,98,WAITING
9,14,510,3,2,0,0.35,0.65,0.92,70,RAC
65,26,287,3,6,0,0.75,0.85,0.95,84,RAC
27,11,997,12,4,0,0.35,0.8,0.95,88,WAITING
29,33,1278,1,3,0,0.75,0.65,0.75,65,CONFIRMED
140,46,763,3,2,0,0.75,0.85,0.92,76,WAITING
167,44,1310,11,2,0,0.75,0.8,0.95,74,WAITING
33,30,1167,3,5,0,0.75,0.72,0.75,71,CONFIRMED
30,52,789,2,6,0,1.0,0.65,0.92,79,CONFIRMED
158,31,348,12,1,0,0.45,0.8,0.92,75,WAITING
82,38,1242,12,5,0,0.35,0.65,0.92,88,RAC
151,26,334,7,6,0,0.45,0.8,0.95,73,WAITING
17,24,620,8,6,0,0.45,0.72,0.92,80,CONFIRMED
32,55,585,2,5,0,0.45,0.65,0.95,78,CONFIRMED
52,35,359,12,5,0,0.45,0.72,0.92,73,CONFIRMED
30,51,1034,6,0,0,0.35,0.65,0.95,90,CONFIRMED
127,5,1359,12,2,0,0.45,0.72,0.75,68,WAITING
8,50,1388,3,0,0,0.75,0.78,0.92,89,CONFIRMED
70,38,1209,8,0,0,0.35,0.85,0.75,74,RAC
118,54,1023,10,2,0,0.35,0.72,0.95,89,WAITING
8,5,1547,10,6,1,0.35,0.85,0.95,100,WAITING
151,50,1293,1,0,0,0.75,0.78,0.92,86,WAITING
7,4,1600,7,1,0,0.45,0.85,0.75,81,WAITING
144,49,1353,6,6,0,1.0,0.8,0.95,96,WAITING
136,4,1650,1,5,0,0.45,0.8,0.92,86,WAITING
99,16,1566,4,0,1,0.75,0.72,0.95,100,WAITING
42,42,152,6,1,0,0.75,0.85,0.95,72,CONFIRMED
20,33,1274,1,4,0,1.0,0.65,0.95,88,CONFIRMED
85,14,638,6,1,0,1.0,0.65,0.92,73,WAITING
128,21,1075,5,0,0,1.0,0.72,0.95,85,WAITING
178,20,751,9,4,0,0.75,0.65,0.95,81,WAITING
59,3,993,5,5,1,0.35,0.65,0.75,89,WAITING
114,31,727,4,1,1,0.75,0.65,0.95,82,WAITING
19,25,1330,4,4,1,0.45,0.8,0.75,88,CONFIRMED
62,54,1064,4,2,0,0.45,0.72,0.95,74,CONFIRMED
163,19,1416,4,0,1,0.35,0.85,0.92,100,WAITING
62,35,1040,11,3,0,0.35,0.72,0.92,76,RAC
144,37,1233,2,0,0,0.35,0.8,0.75,75,WAITING
53,35,1188,4,0,1,0.35,0.72,0.75,77,RAC
46,39,349,1,5,0,0.35,0.78,0.95,77,CONFIRMED
137,38,277,4,4,0,1.0,0.85,0.95,96,WAITING
160,32,1599,9,0,0,0.45,0.8,0.75,63,WAITING
22,19,490,6,2,0,0.45,0.65,0.95,72,CONFIRMED
111,21,159,2,0,0,0.75,0.85,0.92,86,WAITING
42,29,511,4,6,1,0.45,0.78,0.92,96,RAC
98,51,616,8,0,0,0.75,0.78,0.92,76,RAC
118,3,762,1,2,0,1.0,0.78,0.95,68,WAITING
114,27,211,8,1,0,0.45,0.78,0.75,62,WAITING
99,19,1471,10,5,0,1.0,0.72,0.92,88,WAITING
131,27,1464,12,0,0,0.35,0.72,0.75,59,WAITING
3,18,645,1,2,0,0.45,0.72,0.95,71,CONFIRMED
105,31,1641,12,6,0,0.35,0.78,0.75,67,WAITING
146,55,1030,7,0,0,0.75,0.78,0.95,89,WAITING
114,24,1401,7,2,0,0.45,0.72,0.92,77,WAITING
127,5,1231,5,2,0,0.45,0.78,0.95,87,WAITING
118,59,1237,6,0,0,0.75,0.8,0.95,78,RAC
45,41,1684,1,3,0,0.35,0.72,0.92,83,CONFIRMED
70,56,1068,11,1,1,0.75,0.85,0.95,100,CONFIRMED
42,16,1120,12,0,0,0.45,0.8,0.92,82,WAITING
8,54,739,12,3,0,0.35,0.72,0.75,58,CONFIRMED
23,1,155,2,6,0,0.35,0.72,0.95,82,WAITING
98,50,563,11,4,1,0.75,0.8,0.75,76,RAC
115,57,1604,3,4,0,0.75,0.8,0.95,90,RAC
112,54,308,8,6,0,0.45,0.8,0.95,74,RAC
61,24,1469,9,2,0,0.75,0.72,0.92,78,RAC
25,2,1517,12,1,0,0.35,0.72,0.75,72,WAITING
67,47,1249,9,6,0,0.35,0.85,0.75,77,CONFIRMED
141,14,163,1,3,0,0.35,0.78,0.75,59,WAITING
129,48,558,7,3,0,0.75,0.78,0.92,73,WAITING
25,22,444,12,4,0,0.35,0.78,0.92,80,RAC
163,29,219,5,6,1,0.45,0.78,0.95,91,WAITING
114,33,982,11,1,1,0.45,0.8,0.75,77,WAITING
118,54,474,10,4,1,1.0,0.72,0.75,82,WAITING
10,56,974,9,6,0,0.35,0.78,0.92,92,CONFIRMED
126,2,612,10,0,1,1.0,0.8,0.75,79,WAITING
70,23,513,8,2,0,1.0,0.78,0.95,62,RAC
178,26,1423,5,0,1,0.45,0.72,0.92,94,WAITING
133,28,578,6,1,0,0.75,0.78,0.92,72,WAITING
179,24,352,12,2,0,0.45,0.78,0.95,64,WAITING
169,43,1545,3,3,0,1.0,0.8,0.75,73,WAITING
45,46,1055,9,1,0,0.45,0.8,0.95,76,CONFIRMED
116,57,686,1,5,0,0.45,0.72,0.75,62,RAC
82,3,1322,8,6,0,0.75,0.72,0.92,90,WAITING
84,42,1684,5,6,0,1.0,0.85,0.92,100,RAC
35,16,1515,6,1,0,0.35,0.78,0.92,74,RAC
97,36,163,3,4,0,0.75,0.8,0.75,60,WAITING
23,32,1367,8,5,0,1.0,0.78,0.95,93,CONFIRMED
68,22,1473,7,5,0,1.0,0.78,0.95,86,WAITING
8,37,1636,9,6,0,0.45,0.65,0.95,82,CONFIRMED
152,60,422,8,0,0,0.45,0.72,0.95,70,WAITING
158,36,1503,7,6,0,1.0,0.78,0.95,90,WAITING
27,44,1168,11,2,1,0.45,0.65,0.95,100,CONFIRMED
171,43,1633,5,1,1,1.0,0.8,0.95,100,WAITING
29,29,1034,6,6,0,0.75,0.8,0.75,68,CONFIRMED
74,21,819,11,3,0,0.75,0.8,0.95,75,WAITING
173,32,1692,1,3,0,0.45,0.78,0.95,83,WAITING
148,45,312,12,0,0,0.35,0.78,0.92,63,WAITING
158,26,943,7,1,0,0.75,0.65,0.92,88,WAITING
60,3,781,5,0,0,0.35,0.78,0.75,63,WAITING
141,51,1414,4,4,0,0.35,0.8,0.75,80,WAITING
5,54,1193,6,2,0,0.35,0.72,0.95,74,CONFIRMED
63,7,1679,12,3,0,0.45,0.85,0.92,94,WAITING
102,60,1424,3,3,0,0.45,0.78,0.95,81,CONFIRMED
61,25,226,11,4,0,0.75,0.85,0.75,77,RAC
54,6,1494,3,3,0,0.75,0.72,0.75,60,WAITING
147,0,1326,3,1,0,1.0,0.65,0.75,69,WAITING
14,50,1114,4,5,0,0.35,0.72,0.92,86,CONFIRMED
59,54,610,8,4,0,0.35,0.65,0.95,80,CONFIRMED
150,11,305,5,0,0,0.75,0.8,0.75,50,WAITING
93,55,589,5,6,1,1.0,0.72,0.95,91,RAC
25,14,822,11,5,0,1.0,0.65,0.95,73,CONFIRMED
93,21,361,4,2,0,1.0,0.72,0.92,70,WAITING
15,0,1438,5,5,0,0.35,0.85,0.75,93,WAITING
32,45,1451,2,6,0,0.45,0.8,0.95,94,CONFIRMED
171,19,1530,7,5,0,0.45,0.65,0.92,82,WAITING
12,55,1629,1,2,0,0.75,0.78,0.75,75,CONFIRMED
179,7,1574,3,2,0,0.75,0.8,0.95,74,WAITING
25,45,1396,5,4,0,0.35,0.8,0.95,88,CONFIRMED
157,43,1333,8,5,0,0.45,0.85,0.95,100,WAITING
39,32,1301,1,3,0,0.75,0.65,0.92,78,CONFIRMED
163,16,208,2,6,0,1.0,0.72,0.92,84,WAITING
14,20,925,4,4,0,0.35,0.65,0.95,97,RAC
7,12,744,4,6,0,1.0,0.72,0.92,86,CONFIRMED
64,59,1554,1,0,0,1.0,0.65,0.75,70,CONFIRMED
111,21,1614,6,0,0,0.35,0.85,0.75,71,WAITING
9,36,211,4,6,1,0.75,0.8,0.75,75,CONFIRMED
136,49,1209,8,4,0,0.35,0.72,0.92,87,WAITING
49,60,515,6,6,0,0.45,0.78,0.92,83,CONFIRMED
170,40,1036,12,1,0,1.0,0.65,0.95,78,WAITING
40,39,220,3,6,0,0.75,0.8,0.92,84,CONFIRMED
124,30,189,10,3,1,0.35,0.85,0.92,100,WAITING
137,58,252,4,0,0,1.0,0.72,0.95,70,RAC
52,16,1284,11,4,1,0.75,0.8,0.95,100,WAITING
74,10,473,11,1,0,0.75,0.65,0.95,75,WAITING
38,17,1217,5,6,0,0.45,0.8,0.95,86,RAC
8,20,1140,2,5,0,0.75,0.8,0.95,98,CONFIRMED
70,33,530,5,5,1,0.35,0.65,0.95,92,RAC
49,45,1588,7,5,0,0.75,0.65,0.92,85,CONFIRMED
98,2,234,2,2,0,0.35,0.8,0.95,68,WAITING
114,38,1472,6,4,0,0.75,0.72,0.75,68,WAITING
8,51,953,1,6,0,0.35,0.65,0.92,88,CONFIRMED
3,10,498,10,4,0,1.0,0.72,0.92,70,CONFIRMED
3,59,492,5,6,1,0.75,0.65,0.92,94,CONFIRMED
35,52,460,5,6,0,0.35,0.8,0.95,76,CONFIRMED
112,53,726,1,0,0,1.0,0.78,0.92,64,RAC
128,23,843,7,2,0,1.0,0.85,0.92,80,WAITING
38,50,882,12,2,0,1.0,0.85,0.95,74,CONFIRMED
99,14,1420,6,0,0,0.45,0.65,0.75,66,WAITING
134,6,1495,8,6,0,0.75,0.85,0.92,100,WAITING
103,2,880,7,2,0,0.75,0.65,0.92,69,WAITING
144,8,1299,5,0,1,1.0,0.85,0.75,88,WAITING
52,6,1057,4,5,0,0.75,0.65,0.75,67,WAITING
94,18,1690,10,4,0,0.35,0.85,0.95,100,WAITING
117,58,201,9,4,0,0.45,0.8,0.75,55,RAC
114,16,1243,10,0,1,0.75,0.8,0.92,92,WAITING
83,38,1118,7,6,0,0.75,0.65,0.92,96,WAITING
99,36,1319,12,4,0,0.75,0.85,0.92,97,WAITING
10,48,537,12,2,0,0.35,0.72,0.92,66,CONFIRMED
161,21,1664,7,2,0,0.75,0.8,0.92,81,WAITING
135,31,1648,8,3,0,1.0,0.85,0.95,96,WAITING
59,17,522,4,0,1,0.35,0.72,0.95,85,WAITING
72,50,1171,8,3,0,0.35,0.85,0.95,99,CONFIRMED
148,3,705,9,4,0,0.75,0.72,0.75,70,WAITING
53,22,1085,8,6,0,0.35,0.78,0.92,83,WAITING
85,37,570,5,5,0,0.35,0.85,0.75,65,WAITING
118,28,307,6,2,0,1.0,0.65,0.92,65,WAITING
125,37,480,12,6,0,0.35,0.65,0.75,56,WAITING
115,43,1040,11,2,0,0.45,0.65,0.95,82,WAITING
128,47,1019,5,4,0,0.35,0.85,0.95,100,WAITING
116,53,651,11,4,1,0.75,0.85,0.92,100,WAITING
81,60,1337,3,6,0,0.45,0.85,0.92,100,CONFIRMED
27,58,908,5,6,1,0.35,0.65,0.75,90,CONFIRMED
67,28,496,7,1,0,1.0,0.78,0.75,52,RAC
179,49,846,8,4,0,1.0,0.65,0.95,86,WAITING
96,45,561,6,6,0,0.75,0.65,0.75,64,RAC
158,4,1310,9,6,0,0.75,0.78,0.92,98,WAITING
7,16,1063,4,5,1,0.35,0.85,0.75,98,CONFIRMED
109,21,283,11,6,1,0.75,0.85,0.92,100,WAITING
65,57,701,7,5,0,0.75,0.85,0.95,88,CONFIRMED
130,6,527,3,2,0,0.35,0.8,0.92,66,WAITING
132,0,1464,4,1,1,1.0,0.65,0.95,93,WAITING
8,25,346,12,5,0,1.0,0.65,0.95,76,CONFIRMED
125,30,457,9,6,0,0.45,0.8,0.92,82,WAITING
21,59,1592,4,3,1,1.0,0.78,0.92,99,CONFIRMED
48,53,1144,7,2,0,0.75,0.72,0.95,90,CONFIRMED
167,10,1268,4,4,0,1.0,0.72,0.92,94,WAITING
104,4,1402,10,4,0,0.75,0.72,0.75,77,WAITING
65,59,489,2,4,0,0.45,0.78,0.95,86,CONFIRMED
102,20,241,9,6,0,0.35,0.78,0.95,83,WAITING
84,18,1223,2,6,0,0.75,0.85,0.95,100,WAITING
129,45,1620,3,0,0,0.35,0.85,0.92,91,WAITING
37,7,1230,7,6,0,0.75,0.8,0.92,94,WAITING
20,46,1223,4,0,0,0.75,0.72,0.75,63,CONFIRMED
35,5,787,4,1,1,0.35,0.72,0.75,79,WAITING
42,26,1653,7,2,0,1.0,0.8,0.92,90,RAC
37,13,762,1,5,0,0.35,0.85,0.92,87,WAITING
144,16,1623,8,4,0,0.45,0.78,0.95,91,WAITING
127,39,542,5,1,0,0.35,0.85,0.75,71,WAITING
101,15,569,6,6,0,1.0,0.72,0.95,71,WAITING
150,43,831,5,6,0,0.75,0.85,0.95,88,WAITING
6,56,1446,8,0,0,0.75,0.78,0.92,74,CONFIRMED
81,26,1111,8,0,0,1.0,0.85,0.92,97,WAITING
136,52,403,10,3,1,0.45,0.78,0.75,71,WAITING
173,10,1193,11,5,1,0.45,0.72,0.75,86,WAITING
179,41,960,7,1,0,0.45,0.78,0.95,85,WAITING
24,33,562,8,0,0,0.35,0.78,0.75,54,CONFIRMED
99,48,1548,11,5,0,0.35,0.72,0.75,83,RAC
58,1,557,4,2,1,0.75,0.65,0.92,85,WAITING
97,45,346,10,5,0,0.75,0.65,0.75,71,RAC
30,55,1239,8,6,0,1.0,0.8,0.95,96,CONFIRMED
108,38,417,10,1,0,0.75,0.8,0.75,56,WAITING
113,1,1403,3,4,0,0.45,0.8,0.75,80,WAITING
77,21,577,7,0,0,0.35,0.85,0.92,88,WAITING
14,22,1439,12,5,0,0.75,0.78,0.92,82,CONFIRMED
104,48,1470,5,0,0,0.45,0.85,0.95,90,RAC
60,3,1462,6,2,0,0.35,0.72,0.75,73,WAITING
50,9,488,1,1,0,0.35,0.72,0.95,72,WAITING
108,53,1084,6,5,0,0.35,0.78,0.95,86,RAC
77,58,178,4,6,1,0.75,0.8,0.75,77,CONFIRMED
138,45,1027,5,6,1,0.45,0.8,0.75,88,WAITING
27,33,946,1,6,0,1.0,0.8,0.92,88,CONFIRMED
141,10,1331,10,5,1,1.0,0.65,0.75,100,WAITING
152,50,1031,1,3,0,0.75,0.72,0.95,76,WAITING
151,7,1622,2,6,0,0.75,0.8,0.95,98,WAITING
3,2,466,8,0,0,0.35,0.85,0.95,79,RAC
10,23,1402,4,2,1,0.45,0.78,0.75,82,CONFIRMED
71,47,337,9,2,0,0.35,0.78,0.92,63,CONFIRMED
104,22,519,4,0,0,0.75,0.78,0.95,66,WAITING
24,25,1215,7,2,0,0.35,0.8,0.92,84,CONFIRMED
176,15,856,2,3,0,0.45,0.65,0.92,69,WAITING
57,18,1080,7,5,0,0.75,0.72,0.75,71,RAC
149,55,1033,11,0,0,0.75,0.78,0.75,71,WAITING
58,58,1676,11,0,1,0.45,0.85,0.95,100,CONFIRMED
40,39,1375,4,6,1,0.35,0.72,0.95,100,RAC
66,3,711,2,0,0,0.75,0.72,0.75,63,WAITING
2,26,285,11,2,1,0.45,0.78,0.95,80,CONFIRMED
83,60,1038,1,1,0,0.45,0.8,0.75,67,CONFIRMED
174,48,983,3,4,0,0.75,0.85,0.95,100,WAITING
160,28,435,11,4,0,0.45,0.72,0.75,62,WAITING
1,26,1050,4,6,0,0.45,0.65,0.95,82,CONFIRMED
13,55,1461,7,0,0,0.45,0.85,0.75,78,CONFIRMED
160,26,1071,9,5,0,1.0,0.8,0.92,96,WAITING
147,40,708,5,5,1,0.75,0.65,0.92,88,WAITING
31,5,486,5,0,0,1.0,0.72,0.75,59,RAC
88,44,670,3,6,0,0.75,0.78,0.92,72,CONFIRMED
134,32,483,10,1,1,0.75,0.72,0.95,94,WAITING
149,55,1387,6,6,0,1.0,0.8,0.92,85,WAITING
174,54,842,9,1,0,1.0,0.65,0.92,78,WAITING
41,59,1678,8,3,0,1.0,0.78,0.95,79,CONFIRMED
47,40,775,2,4,0,0.35,0.72,0.92,80,CONFIRMED
114,60,269,3,2,0,1.0,0.85,0.95,82,CONFIRMED
85,13,1147,1,5,0,1.0,0.72,0.95,83,WAITING
126,24,1038,9,4,0,0.45,0.65,0.75,70,WAITING
34,15,1339,1,6,0,0.75,0.85,0.75,89,RAC
86,30,1296,5,3,0,0.75,0.8,0.95,85,WAITING
84,0,760,12,0,0,0.75,0.78,0.92,68,WAITING
61,5,264,11,1,1,0.75,0.65,0.95,80,WAITING
119,56,656,4,4,1,0.45,0.65,0.92,100,WAITING
96,35,689,1,0,0,1.0,0.8,0.95,68,WAITING
82,31,598,8,0,0,0.45,0.8,0.75,63,WAITING
140,7,1466,12,2,0,1.0,0.72,0.75,62,WAITING
148,36,1330,2,0,0,1.0,0.85,0.75,80,WAITING
5,0,976,1,2,0,0.45,0.8,0.92,83,RAC
110,47,1438,7,1,0,0.35,0.8,0.95,75,RAC
18,14,1125,12,2,0,0.75,0.65,0.75,74,RAC
48,38,1173,12,1,0,0.75,0.65,0.95,82,CONFIRMED
144,38,1632,6,6,0,1.0,0.65,0.92,91,WAITING
61,45,1481,9,1,0,0.35,0.72,0.92,87,CONFIRMED
91,22,904,7,1,0,0.35,0.65,0.75,67,WAITING
111,35,391,7,0,0,0.45,0.78,0.95,63,WAITING
100,43,617,2,6,0,1.0,0.65,0.95,86,RAC
35,16,1662,8,3,0,0.45,0.65,0.75,71,RAC
65,24,1329,4,3,1,0.45,0.72,0.92,100,WAITING
26,30,816,4,0,0,0.45,0.8,0.75,63,CONFIRMED
52,31,1527,2,5,0,0.35,0.72,0.75,75,CONFIRMED
119,57,368,11,5,1,0.75,0.78,0.75,74,RAC
128,4,905,7,3,0,0.75,0.65,0.95,84,WAITING
46,41,615,10,3,0,0.35,0.78,0.75,47,CONFIRMED
22,44,1247,10,1,1,0.35,0.65,0.75,90,CONFIRMED
135,60,1112,5,4,0,1.0,0.78,0.95,89,WAITING
103,18,888,1,5,0,0.35,0.78,0.92,79,WAITING
160,43,1135,2,0,0,0.75,0.72,0.95,83,WAITING
18,50,1341,5,0,1,0.45,0.85,0.95,100,CONFIRMED
95,49,986,12,2,0,1.0,0.72,0.75,68,RAC
160,29,282,2,0,0,1.0,0.8,0.75,62,WAITING
19,8,886,5,5,0,0.35,0.78,0.75,61,RAC
56,55,821,3,3,0,0.45,0.8,0.75,56,CONFIRMED
178,60,840,1,6,0,1.0,0.78,0.95,70,WAITING
115,38,430,3,4,0,0.75,0.65,0.95,82,WAITING
111,19,1225,5,0,1,0.45,0.78,0.92,100,WAITING
90,19,782,7,2,0,0.75,0.85,0.95,85,WAITING
179,13,733,8,4,0,0.75,0.72,0.92,85,WAITING
20,55,777,1,1,0,0.35,0.72,0.92,63,CONFIRMED
64,26,1593,3,5,0,1.0,0.85,0.75,90,RAC
21,38,875,7,0,0,0.35,0.72,0.95,62,CONFIRMED
125,27,1307,3,1,0,0.35,0.65,0.95,84,WAITING
163,50,350,12,6,0,0.75,0.8,0.92,86,WAITING
105,2,630,2,5,0,0.75,0.8,0.92,74,WAITING
122,36,393,10,6,0,0.45,0.65,0.75,58,WAITING
151,28,1525,9,0,0,1.0,0.85,0.95,91,WAITING
162,7,306,11,3,0,1.0,0.78,0.95,66,WAITING
54,1,992,9,1,0,1.0,0.85,0.75,85,WAITING
81,9,155,2,2,0,0.35,0.78,0.75,57,WAITING
77,47,1485,8,1,0,0.75,0.85,0.95,87,CONFIRMED
157,47,850,3,1,0,0.35,0.65,0.92,78,WAITING
73,46,228,8,3,0,0.45,0.8,0.95,78,CONFIRMED
138,18,983,11,0,1,0.75,0.85,0.92,100,WAITING
97,43,649,11,6,1,0.75,0.65,0.92,96,WAITING
36,33,1678,4,3,1,0.45,0.85,0.75,97,CONFIRMED
170,25,1185,1,3,0,0.35,0.78,0.92,89,WAITING
10,21,326,10,3,0,0.45,0.65,0.92,70,CONFIRMED
130,36,1295,11,4,1,1.0,0.65,0.75,100,WAITING
165,29,910,4,6,1,0.45,0.72,0.75,100,WAITING
141,39,969,6,1,0,0.75,0.72,0.75,63,WAITING
71,19,470,7,2,0,0.35,0.78,0.92,62,WAITING
148,18,1137,6,1,0,0.35,0.72,0.95,75,WAITING
73,46,1627,9,5,0,0.35,0.8,0.92,88,RAC
105,11,1292,5,3,1,0.35,0.8,0.95,100,WAITING
158,38,1363,2,2,0,0.75,0.8,0.75,70,WAITING
60,26,339,8,4,0,1.0,0.8,0.95,80,RAC
112,49,1090,2,0,0,0.35,0.78,0.75,65,WAITING
30,51,482,8,0,0,0.75,0.72,0.92,77,CONFIRMED
161,54,1393,2,1,0,0.35,0.8,0.95,85,WAITING
157,24,1646,4,2,1,1.0,0.78,0.92,97,WAITING
175,27,1151,7,0,0,0.45,0.78,0.95,80,WAITING
53,37,313,1,5,0,0.75,0.72,0.95,86,RAC
130,54,1486,11,4,0,0.45,0.85,0.95,100,WAITING
122,22,789,8,1,0,0.45,0.78,0.75,58,WAITING
180,29,1060,10,2,0,0.45,0.8,0.92,76,WAITING
101,6,580,3,3,0,0.45,0.65,0.92,76,WAITING
130,55,1097,10,0,0,0.45,0.72,0.92,78,RAC
49,42,914,12,2,0,1.0,0.85,0.92,99,CONFIRMED
164,6,803,3,3,0,1.0,0.85,0.75,60,WAITING
170,60,850,11,0,0,0.75,0.85,0.95,80,WAITING
90,7,1565,8,3,0,1.0,0.8,0.75,71,WAITING
26,53,1066,4,4,1,0.35,0.85,0.95,100,CONFIRMED
133,35,209,11,1,1,0.75,0.78,0.92,86,WAITING
64,60,1039,5,6,0,0.75,0.8,0.95,96,CONFIRMED
58,47,1299,6,5,0,0.75,0.78,0.75,70,CONFIRMED
160,45,333,5,1,1,0.35,0.8,0.75,80,WAITING
50,18,1090,7,4,0,0.75,0.85,0.75,93,WAITING
59,4,344,7,3,0,1.0,0.8,0.75,59,WAITING
48,36,1579,8,6,0,0.45,0.8,0.75,76,CONFIRMED
29,47,1444,4,4,1,0.75,0.8,0.75,97,CONFIRMED
109,49,796,8,2,0,0.45,0.8,0.92,77,WAITING
99,1,541,1,6,0,0.45,0.78,0.95,75,WAITING
12,29,391,2,4,0,0.35,0.85,0.92,90,CONFIRMED
118,5,1094,11,4,1,1.0,0.8,0.95,100,WAITING
127,55,524,7,5,0,1.0,0.85,0.75,80,RAC
19,57,604,10,3,0,0.75,0.8,0.75,54,CONFIRMED
71,2,914,9,2,0,0.35,0.8,0.75,66,WAITING
178,58,1295,6,3,0,0.35,0.8,0.92,87,WAITING
51,34,962,10,6,0,0.75,0.65,0.92,98,RAC
30,60,1371,1,5,0,0.75,0.8,0.92,85,CONFIRMED
45,5,354,10,4,0,0.35,0.8,0.92,84,WAITING
82,38,349,11,5,1,0.75,0.72,0.75,88,RAC
101,23,580,7,3,0,1.0,0.72,0.92,70,WAITING
136,40,414,11,6,1,0.75,0.78,0.75,78,WAITING
57,25,1601,1,5,0,0.35,0.85,0.92,92,WAITING
4,23,1242,11,6,1,1.0,0.8,0.92,100,CONFIRMED
85,19,818,4,2,0,0.75,0.72,0.75,52,WAITING
142,0,349,3,5,0,1.0,0.65,0.95,83,WAITING
88,44,1599,1,2,0,0.45,0.8,0.75,63,RAC
162,15,717,6,5,0,0.45,0.65,0.95,84,WAITING
174,40,1583,8,6,0,0.75,0.8,0.75,75,WAITING
43,54,197,12,2,0,0.75,0.72,0.75,51,CONFIRMED
80,56,374,4,0,0,1.0,0.8,0.92,76,CONFIRMED
179,35,332,8,1,0,0.75,0.8,0.75,58,WAITING
155,13,403,11,5,1,0.45,0.72,0.75,87,WAITING
161,25,240,4,3,1,0.35,0.72,0.75,70,WAITING
158,39,697,11,0,1,0.75,0.85,0.75,83,WAITING
7,40,597,12,0,0,1.0,0.8,0.75,47,CONFIRMED
68,4,877,8,0,0,0.45,0.72,0.75,59,WAITING
53,54,532,12,2,0,0.45,0.8,0.92,64,CONFIRMED
69,25,939,12,1,0,0.35,0.65,0.75,65,WAITING
177,54,1343,2,3,0,0.45,0.8,0.92,77,WAITING
27,12,1286,12,2,0,1.0,0.78,0.75,65,RAC
4,42,985,7,3,0,0.35,0.8,0.75,59,CONFIRMED
7,25,577,12,5,0,0.35,0.8,0.75,62,CONFIRMED
131,12,331,3,6,0,0.45,0.65,0.95,72,WAITING
43,16,181,12,2,0,1.0,0.65,0.75,55,RAC
5,32,1678,2,0,0,0.35,0.65,0.95,77,CONFIRMED
21,7,518,2,3,0,0.75,0.85,0.92,86,WAITING
130,12,413,1,5,0,1.0,0.8,0.95,74,WAITING
169,31,687,12,2,0,0.35,0.85,0.92,81,WAITING
120,39,815,7,4,0,0.45,0.78,0.95,82,WAITING
134,21,548,4,5,0,1.0,0.78,0.92,70,WAITING
143,17,1545,9,0,0,1.0,0.65,0.92,81,WAITING
100,23,538,3,5,0,1.0,0.85,0.75,69,WAITING
51,25,214,11,3,1,0.45,0.85,0.95,100,WAITING
108,8,898,1,4,0,0.45,0.8,0.95,75,WAITING
51,41,777,10,4,0,0.35,0.72,0.92,73,CONFIRMED
10,3,1239,9,2,0,0.75,0.65,0.75,62,RAC
60,7,1613,11,1,0,0.35,0.8,0.95,76,WAITING
110,56,331,10,1,1,0.75,0.8,0.95,84,RAC
41,24,581,9,6,0,0.35,0.72,0.75,55,RAC
28,35,218,5,1,0,0.45,0.85,0.92,77,CONFIRMED
161,6,1490,8,1,0,0.35,0.8,0.95,90,WAITING
11,22,596,11,6,1,1.0,0.72,0.95,100,CONFIRMED
110,6,1445,12,3,0,0.45,0.65,0.75,59,WAITING
35,6,966,10,5,1,0.75,0.85,0.95,100,WAITING
179,20,878,10,3,0,0.75,0.85,0.75,70,WAITING
115,37,387,7,5,0,0.75,0.72,0.75,68,WAITING
46,60,1212,2,4,0,0.45,0.72,0.92,90,CONFIRMED
27,19,1019,3,3,0,0.75,0.8,0.92,81,CONFIRMED
127,55,923,6,2,0,0.45,0.78,0.75,59,WAITING
54,19,1067,11,6,0,0.75,0.8,0.95,88,WAITING
105,59,380,4,5,0,1.0,0.8,0.92,74,CONFIRMED
71,43,1600,11,0,0,1.0,0.8,0.92,75,CONFIRMED
132,26,989,3,6,0,0.75,0.78,0.92,93,WAITING
83,53,1508,10,0,0,1.0,0.8,0.95,88,CONFIRMED
79,20,200,6,5,0,0.35,0.78,0.92,86,WAITING
94,22,544,1,1,0,0.35,0.85,0.75,59,WAITING
38,43,924,4,6,0,0.75,0.78,0.92,98,CONFIRMED
175,2,653,8,4,0,0.35,0.72,0.75,71,WAITING
42,36,589,11,0,0,0.45,0.85,0.95,77,CONFIRMED
175,40,1270,4,0,0,0.45,0.85,0.92,89,WAITING
4,44,1277,1,1,0,0.45,0.85,0.92,91,CONFIRMED
67,3,1250,6,5,0,0.45,0.8,0.95,96,WAITING
107,16,1526,10,6,1,0.45,0.72,0.92,100,WAITING
37,12,191,6,2,0,0.35,0.85,0.75,58,RAC
123,19,1101,10,1,0,0.45,0.8,0.92,88,WAITING
160,51,711,12,6,0,0.75,0.72,0.92,81,WAITING
23,55,515,12,5,0,1.0,0.72,0.95,71,CONFIRMED
168,19,1082,12,5,0,1.0,0.78,0.95,86,WAITING
52,32,188,8,0,0,0.35,0.78,0.92,70,RAC
118,31,318,11,6,1,1.0,0.8,0.92,100,WAITING
1,47,800,5,0,0,0.35,0.65,0.95,73,CONFIRMED
12,38,792,8,6,0,1.0,0.8,0.95,81,CONFIRMED
120,10,856,5,5,0,0.75,0.85,0.92,83,WAITING
163,7,1676,3,5,0,0.35,0.72,0.92,95,WAITING
67,0,1559,8,6,0,0.35,0.78,0.92,91,WAITING
173,26,1549,3,4,0,0.35,0.85,0.92,97,WAITING
105,27,798,9,1,0,0.45,0.8,0.75,48,WAITING
71,28,743,9,4,0,0.45,0.78,0.95,72,WAITING
60,17,218,6,3,0,1.0,0.78,0.75,60,WAITING
19,32,1162,2,0,0,1.0,0.72,0.75,67,CONFIRMED
41,0,1527,4,5,1,0.45,0.78,0.92,100,WAITING
152,0,1373,10,4,1,0.35,0.85,0.75,100,WAITING
36,14,1644,12,3,0,0.45,0.8,0.75,74,RAC
114,14,974,7,1,0,1.0,0.8,0.75,64,WAITING
60,23,895,9,2,0,0.35,0.85,0.92,84,WAITING
29,27,388,6,0,0,0.75,0.85,0.92,80,CONFIRMED
162,34,1017,9,3,0,0.45,0.72,0.95,85,WAITING
97,19,1054,1,0,0,0.35,0.78,0.95,83,WAITING
69,3,857,7,2,0,1.0,0.85,0.95,84,WAITING
11,11,402,5,2,1,0.45,0.8,0.95,81,RAC
49,39,152,10,6,1,1.0,0.65,0.75,74,CONFIRMED
95,15,421,9,0,0,1.0,0.85,0.95,86,WAITING
76,53,864,6,0,0,0.75,0.85,0.75,73,CONFIRMED
180,43,914,12,1,0,0.35,0.78,0.92,84,WAITING
140,45,262,6,2,0,0.35,0.72,0.92,73,WAITING
154,46,985,9,0,0,0.35,0.72,0.95,83,WAITING
81,38,1679,10,2,1,1.0,0.65,0.95,99,WAITING
18,39,556,9,6,0,0.45,0.8,0.95,76,CONFIRMED
147,50,1240,5,6,0,0.75,0.8,0.75,80,WAITING
122,30,1122,8,1,0,0.75,0.78,0.95,75,WAITING
99,50,826,1,4,0,0.45,0.72,0.95,85,RAC
157,34,1089,7,2,0,0.35,0.8,0.75,72,WAITING
65,30,900,5,3,1,1.0,0.85,0.92,100,WAITING
12,39,274,5,3,0,0.35,0.72,0.75,55,CONFIRMED
125,14,1530,7,6,0,0.45,0.78,0.75,78,WAITING
127,49,1336,7,1,0,0.35,0.65,0.75,60,WAITING
173,58,912,3,2,0,0.75,0.65,0.75,65,WAITING
14,14,1496,11,3,0,1.0,0.65,0.92,88,CONFIRMED
118,31,701,9,2,0,0.75,0.65,0.92,73,WAITING
157,33,1587,2,3,0,0.45,0.85,0.92,89,WAITING
8,60,1490,8,3,0,1.0,0.65,0.92,84,CONFIRMED
147,60,1245,10,3,0,1.0,0.8,0.92,75,RAC
109,8,991,10,2,0,0.35,0.8,0.95,79,WAITING
173,3,159,7,1,0,0.75,0.8,0.75,61,WAITING
42,2,1633,3,2,0,0.35,0.65,0.95,90,WAITING
172,44,953,9,4,0,0.35,0.72,0.95,82,WAITING
45,6,451,3,1,0,0.35,0.85,0.75,69,WAITING
4,48,1108,9,5,0,0.75,0.72,0.75,80,CONFIRMED
166,58,922,4,6,0,0.75,0.65,0.92,86,WAITING
102,14,1164,9,3,0,0.45,0.72,0.75,66,WAITING
60,28,1152,8,6,0,1.0,0.65,0.75,78,RAC
9,29,413,11,2,0,0.45,0.8,0.92,66,CONFIRMED
31,57,1491,11,3,0,1.0,0.65,0.95,75,CONFIRMED
87,52,354,4,2,0,0.35,0.72,0.75,50,CONFIRMED
7,20,437,3,6,0,0.35,0.65,0.75,55,CONFIRMED
78,23,537,9,0,0,0.75,0.78,0.95,72,WAITING
150,29,794,3,4,0,0.35,0.65,0.95,72,WAITING
58,10,1438,11,0,1,0.75,0.8,0.75,81,WAITING
60,44,1447,9,0,0,1.0,0.65,0.92,84,CONFIRMED
76,6,1360,5,0,1,0.35,0.85,0.95,100,WAITING
52,12,230,11,4,0,0.35,0.72,0.95,86,WAITING
164,17,1553,1,4,0,0.35,0.78,0.95,96,WAITING
79,49,1313,2,0,0,0.35,0.65,0.92,87,RAC
119,52,1496,8,5,0,0.45,0.65,0.92,89,WAITING
176,27,1524,9,0,0,0.45,0.8,0.92,82,WAITING
108,46,203,11,3,0,0.35,0.85,0.95,79,WAITING
58,28,1077,10,5,1,0.45,0.72,0.75,95,WAITING
105,2,550,11,6,0,1.0,0.78,0.92,78,WAITING
50,29,352,11,5,0,0.45,0.8,0.92,81,RAC
92,24,1137,12,1,0,0.45,0.72,0.92,81,WAITING
106,38,1642,9,1,0,0.45,0.72,0.95,79,WAITING
106,1,257,11,1,0,0.35,0.85,0.95,73,WAITING
154,25,686,1,4,0,0.75,0.72,0.92,76,WAITING
14,4,1223,6,2,0,0.35,0.72,0.95,76,RAC
106,9,150,6,2,0,0.35,0.85,0.92,85,WAITING
21,15,1630,3,0,0,0.75,0.78,0.95,84,RAC
76,6,1660,11,6,0,0.45,0.65,0.95,92,WAITING
34,39,1639,5,1,0,0.75,0.85,0.92,89,CONFIRMED
25,36,861,12,6,0,0.35,0.65,0.75,63,CONFIRMED
132,8,1221,8,5,0,1.0,0.85,0.95,100,WAITING
134,17,1525,1,6,0,0.75,0.65,0.92,97,WAITING
57,49,1211,10,0,0,1.0,0.72,0.95,81,CONFIRMED
149,40,890,4,0,0,0.35,0.65,0.75,60,WAITING
166,17,473,3,1,0,0.35,0.78,0.95,75,WAITING
32,30,1110,12,2,0,0.75,0.78,0.75,60,CONFIRMED
41,32,638,3,0,0,0.35,0.85,0.92,82,CONFIRMED
70,31,1694,11,6,0,0.75,0.78,0.95,83,RAC
14,16,1338,6,4,0,0.35,0.8,0.95,89,CONFIRMED
116,19,512,2,4,0,1.0,0.8,0.92,84,WAITING
41,8,1517,12,5,0,0.75,0.8,0.75,70,WAITING
114,52,672,4,2,1,1.0,0.65,0.95,83,WAITING
78,19,685,1,0,0,0.45,0.72,0.75,60,WAITING
165,43,158,4,4,0,1.0,0.85,0.75,79,WAITING
176,46,1101,2,1,0,1.0,0.65,0.75,67,WAITING
24,20,1174,11,1,0,1.0,0.8,0.75,61,CONFIRMED
133,18,1673,9,6,0,0.75,0.78,0.95,86,WAITING
76,45,984,3,5,0,0.45,0.65,0.75,67,RAC
136,11,826,9,5,0,0.75,0.8,0.75,62,WAITING
72,58,1652,11,4,1,0.45,0.78,0.95,100,CONFIRMED
68,55,853,5,1,1,1.0,0.78,0.75,76,CONFIRMED
154,47,181,6,5,0,0.45,0.72,0.75,60,WAITING
170,26,291,6,4,0,0.75,0.78,0.95,80,WAITING
152,4,1640,7,3,0,0.75,0.65,0.92,83,WAITING
142,36,636,10,1,1,0.75,0.8,0.92,96,WAITING
58,6,543,8,3,0,0.35,0.85,0.92,74,WAITING
173,39,1533,10,3,1,0.75,0.78,0.75,88,WAITING
89,26,243,3,5,0,1.0,0.65,0.92,79,WAITING
97,29,726,5,6,1,0.75,0.72,0.95,97,WAITING
59,54,541,2,0,0,0.35,0.78,0.95,67,CONFIRMED
58,12,1102,2,2,0,0.35,0.72,0.95,82,WAITING
117,49,630,10,1,0,0.45,0.85,0.75,73,WAITING
85,35,1049,9,3,0,0.45,0.8,0.75,74,WAITING
36,44,609,10,0,1,1.0,0.78,0.95,80,CONFIRMED
80,15,1047,1,2,0,0.45,0.8,0.95,77,WAITING
17,35,847,11,6,1,0.75,0.65,0.92,94,CONFIRMED
81,27,1275,8,2,0,0.75,0.8,0.75,64,WAITING
125,58,1230,5,2,1,0.35,0.78,0.95,100,WAITING
10,23,1011,11,1,1,1.0,0.65,0.92,94,CONFIRMED
93,5,649,9,2,0,0.75,0.65,0.95,70,WAITING
161,22,958,7,3,0,1.0,0.78,0.92,87,WAITING
18,53,735,11,1,1,1.0,0.65,0.92,88,CONFIRMED
172,58,1688,10,2,0,0.35,0.65,0.92,87,WAITING
38,2,367,5,5,0,0.75,0.65,0.92,78,WAITING
109,32,1689,7,5,0,0.75,0.85,0.92,96,WAITING
128,17,1367,10,1,0,1.0,0.78,0.95,86,WAITING
13,2,169,10,3,0,0.75,0.72,0.92,74,RAC
50,37,321,9,6,0,1.0,0.65,0.75,62,CONFIRMED
139,9,175,8,5,0,1.0,0.65,0.75,58,WAITING
83,28,614,2,2,0,0.35,0.78,0.75,47,RAC
82,43,524,1,3,0,0.35,0.72,0.92,66,CONFIRMED
173,51,1620,12,2,0,0.75,0.8,0.75,64,WAITING
14,53,474,1,4,0,0.45,0.85,0.92,88,CONFIRMED
64,46,1215,4,2,0,0.45,0.78,0.95,83,CONFIRMED
47,27,260,3,3,0,0.75,0.85,0.75,59,CONFIRMED
25,25,1493,6,2,0,0.35,0.72,0.75,70,CONFIRMED
32,39,623,8,0,0,0.75,0.8,0.92,73,CONFIRMED
145,22,664,5,0,0,0.45,0.65,0.92,74,WAITING
83,33,974,12,1,0,0.35,0.85,0.95,90,WAITING
144,41,933,12,4,0,0.35,0.78,0.75,68,WAITING
105,30,897,3,2,0,0.75,0.8,0.92,74,WAITING
50,45,1189,4,2,0,0.45,0.72,0.92,78,CONFIRMED
116,40,1441,10,1,1,0.35,0.85,0.92,100,WAITING
45,10,185,1,3,0,0.75,0.65,0.75,57,WAITING
126,53,1347,11,0,0,0.35,0.85,0.92,95,WAITING
78,31,1043,6,1,0,0.75,0.65,0.92,81,WAITING
20,9,1647,10,5,0,0.45,0.65,0.75,75,RAC
117,43,346,10,0,0,0.35,0.85,0.75,68,WAITING
56,32,153,2,5,0,0.35,0.72,0.92,71,CONFIRMED
80,57,405,7,6,0,0.35,0.85,0.95,88,CONFIRMED
101,12,1415,11,5,0,0.75,0.72,0.75,77,WAITING
98,2,882,6,4,0,0.75,0.72,0.95,79,WAITING
30,13,1326,12,0,0,0.75,0.85,0.75,71,RAC
28,7,1623,8,6,0,0.35,0.65,0.92,91,WAITING
35,52,275,9,3,0,0.45,0.8,0.92,66,CONFIRMED
11,44,1218,4,1,1,0.45,0.78,0.92,93,CONFIRMED
92,53,383,5,4,1,1.0,0.85,0.75,85,CONFIRMED
152,20,1366,6,1,0,1.0,0.85,0.92,92,WAITING
148,24,1281,6,6,0,0.45,0.78,0.92,97,WAITING
35,4,1419,9,6,0,1.0,0.72,0.75,67,WAITING
37,5,681,11,1,1,0.35,0.85,0.75,85,WAITING
62,17,1514,8,5,0,0.45,0.72,0.75,79,WAITING
52,16,1330,10,6,1,0.75,0.72,0.75,96,WAITING
150,7,967,7,0,0,0.45,0.65,0.75,60,WAITING
87,53,497,3,2,0,0.75,0.72,0.95,70,CONFIRMED
69,47,437,7,6,0,1.0,0.85,0.75,75,CONFIRMED
40,26,405,4,0,0,0.45,0.85,0.92,86,RAC
38,43,1337,8,0,0,0.75,0.65,0.92,80,CONFIRMED
8,36,938,10,5,1,1.0,0.85,0.92,100,CONFIRMED
170,58,1659,4,6,0,0.45,0.78,0.75,75,WAITING
57,49,184,10,3,0,0.75,0.65,0.75,58,CONFIRMED
62,21,1064,7,5,0,0.45,0.65,0.92,86,WAITING
164,46,1048,6,3,0,0.45,0.78,0.95,84,WAITING
27,14,1314,6,6,0,1.0,0.65,0.95,97,RAC
3,36,1689,7,1,0,0.45,0.72,0.95,84,CONFIRMED
178,1,177,9,0,0,0.45,0.72,0.92,78,WAITING
38,27,586,10,5,1,0.45,0.85,0.92,100,RAC
73,45,1567,12,4,0,0.45,0.72,0.75,78,RAC
75,12,481,10,0,0,0.75,0.72,0.95,76,WAITING
140,9,834,10,1,0,1.0,0.65,0.75,48,WAITING
23,1,955,7,0,0,0.35,0.65,0.95,85,WAITING
90,53,864,7,2,0,0.45,0.72,0.92,75,CONFIRMED
71,11,1451,8,2,0,1.0,0.72,0.75,65,WAITING
5,30,1098,9,1,0,1.0,0.65,0.92,90,CONFIRMED
112,54,759,7,0,0,1.0,0.78,0.92,73,RAC
2,55,697,11,5,0,1.0,0.8,0.92,78,CONFIRMED
109,28,1269,12,3,0,1.0,0.78,0.75,75,WAITING
12,54,780,9,6,0,1.0,0.72,0.92,75,CONFIRMED
15,34,1171,10,4,1,1.0,0.78,0.92,100,CONFIRMED
140,46,1314,7,5,0,0.35,0.78,0.75,68,WAITING
45,28,326,5,2,0,0.35,0.72,0.95,65,RAC
72,21,1433,11,2,1,0.35,0.72,0.92,92,WAITING
112,56,825,4,5,1,0.45,0.8,0.92,96,RAC
27,30,470,4,0,0,0.45,0.8,0.75,58,CONFIRMED
180,59,1329,12,4,0,0.45,0.72,0.92,88,WAITING
34,7,968,10,0,0,0.45,0.8,0.92,87,WAITING
126,46,565,3,0,0,1.0,0.65,0.75,57,RAC
17,57,1117,4,1,0,0.75,0.72,0.75,72,CONFIRMED
30,23,971,12,1,0,0.35,0.85,0.95,84,RAC
140,21,1209,8,2,0,0.35,0.8,0.75,69,WAITING
145,18,1352,5,0,0,1.0,0.85,0.92,97,WAITING
77,60,1659,2,1,0,0.75,0.8,0.92,81,CONFIRMED
133,33,509,1,5,0,0.45,0.8,0.95,73,WAITING
110,26,1291,2,0,0,0.35,0.78,0.75,63,WAITING
173,52,762,10,3,0,0.35,0.72,0.95,72,WAITING
71,21,1253,9,2,0,1.0,0.8,0.92,87,WAITING
176,29,1565,10,2,1,0.45,0.78,0.92,98,WAITING
62,24,851,5,2,1,0.35,0.85,0.75,80,WAITING
72,48,1414,10,6,0,0.35,0.78,0.92,84,CONFIRMED
41,48,933,9,0,0,0.75,0.78,0.75,66,CONFIRMED
160,34,1013,11,3,0,1.0,0.78,0.92,85,WAITING
165,49,1398,8,1,0,0.35,0.8,0.92,82,WAITING
25,4,1326,3,6,0,1.0,0.85,0.95,94,WAITING
82,59,1656,10,4,0,0.45,0.8,0.95,96,CONFIRMED
131,38,1057,5,2,1,0.75,0.85,0.95,100,WAITING
140,53,321,2,3,0,0.75,0.65,0.95,63,WAITING
172,44,701,8,5,0,0.45,0.8,0.95,85,WAITING
111,10,1367,6,1,0,0.35,0.78,0.92,81,WAITING
70,53,1403,1,2,0,1.0,0.72,0.92,83,CONFIRMED
142,44,1544,5,3,1,1.0,0.72,0.75,86,WAITING
90,43,1255,1,2,0,0.35,0.78,0.92,78,RAC
126,38,1384,5,4,1,0.45,0.65,0.95,100,WAITING
4,44,1213,8,3,0,0.75,0.85,0.92,98,CONFIRMED
130,47,1133,4,0,0,0.35,0.72,0.92,90,WAITING
105,5,1450,7,3,0,0.75,0.8,0.95,81,WAITING
155,47,1334,12,1,0,0.35,0.78,0.75,63,WAITING
34,29,1387,4,4,0,1.0,0.78,0.92,91,CONFIRMED
58,23,444,5,3,0,0.35,0.72,0.75,47,RAC
105,4,319,3,1,0,0.75,0.72,0.75,48,WAITING
45,33,1549,2,2,0,0.35,0.85,0.92,87,CONFIRMED
90,22,1142,9,5,0,0.35,0.8,0.92,84,WAITING
38,53,1490,3,0,0,1.0,0.78,0.75,75,CONFIRMED
5,19,190,7,6,0,0.45,0.78,0.95,79,CONFIRMED
117,45,1627,10,2,0,1.0,0.78,0.75,67,WAITING
128,38,1260,6,5,0,1.0,0.8,0.75,79,WAITING
167,27,1539,7,2,0,0.45,0.85,0.75,69,WAITING
60,57,286,10,1,0,0.35,0.65,0.95,65,CONFIRMED
170,41,278,1,1,0,0.45,0.78,0.95,62,WAITING
8,21,1645,4,2,1,0.35,0.78,0.95,96,CONFIRMED
171,52,1014,11,4,0,0.35,0.72,0.75,79,WAITING
65,13,1318,7,0,0,1.0,0.72,0.92,78,WAITING
35,3,1509,7,3,0,1.0,0.65,0.92,85,WAITING
140,54,1040,3,5,0,0.75,0.78,0.92,82,WAITING
145,44,1398,8,1,0,0.75,0.65,0.75,62,WAITING
15,25,1267,12,4,0,0.45,0.72,0.75,72,CONFIRMED
36,31,1619,11,4,0,0.45,0.65,0.75,76,CONFIRMED
68,10,926,12,1,0,0.45,0.78,0.95,84,WAITING
55,42,610,1,4,0,1.0,0.85,0.75,74,CONFIRMED
124,25,751,5,4,0,0.75,0.72,0.95,80,WAITING
160,10,1032,1,4,0,0.45,0.72,0.95,92,WAITING
158,35,1507,3,5,0,0.35,0.78,0.75,80,WAITING
22,24,1174,12,0,0,0.75,0.8,0.95,85,CONFIRMED
102,21,1134,1,0,0,0.75,0.85,0.92,100,WAITING
164,20,648,3,2,0,0.35,0.72,0.95,73,WAITING
71,57,272,3,4,0,1.0,0.72,0.92,80,CONFIRMED
3,12,1187,6,3,0,0.45,0.8,0.75,75,CONFIRMED
86,38,1483,11,3,0,0.75,0.72,0.95,87,WAITING
96,47,1524,3,3,0,0.75,0.78,0.92,79,RAC
132,25,858,3,4,0,0.45,0.78,0.95,77,WAITING
10,18,389,5,0,1,0.75,0.65,0.95,96,CONFIRMED
17,38,1064,6,5,0,0.75,0.78,0.92,97,CONFIRMED
103,54,200,6,4,0,0.75,0.78,0.92,73,CONFIRMED
65,13,520,4,3,1,1.0,0.65,0.92,87,WAITING
101,19,1680,5,5,0,0.75,0.8,0.95,88,WAITING
